EVCEO-EVVN,20-06-2012 08:21:04,20-06-2012 08:00:59,1205,-1,1
EVCEO-EVVN,20-06-2012 08:21:20,20-06-2012 07:56:32,1488,-1,5
EVCEO-EVVN,20-06-2012 08:21:43,20-06-2012 07:57:53,1430,-1,1
EVCEO-EVVN,20-06-2012 08:21:47,20-06-2012 07:58:59,1368,-1,1
EVCEO-EVVN,20-06-2012 08:22:18,20-06-2012 07:54:03,1695,-1,3
EVCEO-EVVN,20-06-2012 08:22:18,20-06-2012 08:00:47,1291,-1,1
EVCEO-EVVN,20-06-2012 08:22:22,20-06-2012 08:01:01,1281,-1,1
EVCEO-EVVN,20-06-2012 08:22:23,20-06-2012 08:00:19,1324,-1,1
EVCEO-EVVN,20-06-2012 08:22:29,20-06-2012 08:00:25,1324,-1,1
EVCEO-EVVN,20-06-2012 08:22:39,20-06-2012 08:01:13,1286,-1,1
EVCEO-EVVN,20-06-2012 08:23:22,20-06-2012 08:00:35,1367,-1,1
EVCEO-EVVN,20-06-2012 08:23:26,20-06-2012 08:00:33,1373,-1,2
EVCEO-EVVN,20-06-2012 08:24:10,20-06-2012 08:11:11,779,-1,3
EVCEO-EVVN,20-06-2012 08:24:48,20-06-2012 08:01:14,1414,-1,1
EVCEO-EVVN,20-06-2012 08:25:21,20-06-2012 08:01:44,1417,-1,1
EVCEO-EVVN,20-06-2012 08:25:24,20-06-2012 08:03:41,1303,-1,1
EVCEO-EVVN,20-06-2012 08:25:30,20-06-2012 08:02:54,1356,-1,1
EVCEO-EVVN,20-06-2012 08:25:30,20-06-2012 08:04:01,1289,-1,1
EVCEO-EVVN,20-06-2012 08:26:01,20-06-2012 08:03:42,1339,-1,1
EVCEO-EVVN,20-06-2012 08:26:16,20-06-2012 08:04:16,1320,-1,1
EVCEO-EVVN,20-06-2012 08:26:22,20-06-2012 08:03:11,1391,-1,1
EVCEO-EVVN,20-06-2012 08:26:22,20-06-2012 08:06:49,1173,-1,1
EVCEO-EVVN,20-06-2012 08:26:25,20-06-2012 08:05:39,1246,-1,2
EVCEO-EVVN,20-06-2012 08:26:26,20-06-2012 08:05:40,1246,-1,1
EVCEO-EVVN,20-06-2012 08:26:33,20-06-2012 08:03:16,1397,-1,1
EVCEO-EVVN,20-06-2012 08:26:37,20-06-2012 08:05:06,1291,-1,1
EVCEO-EVVN,20-06-2012 08:28:32,20-06-2012 08:07:00,1292,-1,1
EVCEO-EVVN,20-06-2012 08:28:39,20-06-2012 08:06:37,1322,-1,1
EVCEO-EVVN,20-06-2012 08:28:49,20-06-2012 08:03:53,1496,-1,1
EVCEO-EVVN,20-06-2012 08:28:57,20-06-2012 08:05:18,1419,-1,1
EVCEO-EVVN,20-06-2012 08:28:58,20-06-2012 08:08:47,1211,-1,1
EVCEO-EVVN,20-06-2012 08:28:59,20-06-2012 08:16:41,738,-1,3
EVCEO-EVVN,20-06-2012 08:30:13,20-06-2012 08:08:39,1294,-1,1
EVCEO-EVVN,20-06-2012 08:30:18,20-06-2012 08:08:50,1288,-1,1
EVCEO-EVVN,20-06-2012 08:30:23,20-06-2012 08:08:38,1305,-1,1
EVCEO-EVVN,20-06-2012 08:31:43,20-06-2012 08:11:00,1243,-1,1
EVCEO-EVVN,20-06-2012 08:31:49,20-06-2012 07:31:04,3645,-1,3
EVCEO-EVVN,20-06-2012 08:32:40,20-06-2012 08:09:00,1420,-1,3
EVCEO-EVVN,20-06-2012 08:33:30,20-06-2012 08:19:09,861,-1,3
EVCEO-EVVN,20-06-2012 08:34:06,20-06-2012 08:13:40,1226,-1,1
EVCEO-EVVN,20-06-2012 08:34:12,20-06-2012 08:12:52,1280,-1,1
EVCEO-EVVN,20-06-2012 08:34:15,20-06-2012 08:12:23,1312,-1,1
EVCEO-EVVN,20-06-2012 08:34:17,20-06-2012 08:13:19,1258,-1,1
EVCEO-EVVN,20-06-2012 08:34:35,20-06-2012 08:10:16,1459,-1,1
EVCEO-EVVN,20-06-2012 08:34:40,20-06-2012 08:08:57,1543,-1,1
EVCEO-EVVN,20-06-2012 08:35:22,20-06-2012 08:13:59,1283,-1,1
EVCEO-EVVN,20-06-2012 08:36:04,20-06-2012 07:55:17,2447,-1,3
EVCEO-EVVN,20-06-2012 08:36:29,20-06-2012 08:15:01,1288,-1,1
EVCEO-EVVN,20-06-2012 08:36:37,20-06-2012 08:14:54,1303,-1,1
EVCEO-EVVN,20-06-2012 08:36:41,20-06-2012 08:11:55,1486,-1,1
EVCEO-EVVN,20-06-2012 08:36:45,20-06-2012 08:13:47,1378,-1,1
EVCEO-EVVN,20-06-2012 08:36:50,20-06-2012 08:11:23,1527,-1,1
EVCEO-EVVN,20-06-2012 08:36:58,20-06-2012 08:12:25,1473,-1,2
EVCEO-EVVN,20-06-2012 08:38:05,20-06-2012 08:15:00,1385,-1,1
EVCEO-EVVN,20-06-2012 08:38:08,20-06-2012 08:14:00,1448,-1,1
EVCEO-EVVN,20-06-2012 08:38:10,20-06-2012 08:14:28,1422,-1,1
EVCEO-EVVN,20-06-2012 08:38:13,20-06-2012 08:13:49,1464,-1,1
EVCEO-EVVN,20-06-2012 08:38:13,20-06-2012 08:16:54,1279,-1,1
EVCEO-EVVN,20-06-2012 08:38:26,20-06-2012 08:09:19,1747,-1,3
EVCEO-EVVN,20-06-2012 08:38:28,20-06-2012 08:13:45,1483,-1,1
EVCEO-EVVN,20-06-2012 08:38:46,20-06-2012 08:16:31,1335,-1,1
EVCEO-EVVN,20-06-2012 08:40:05,20-06-2012 08:23:16,1009,-1,3
EVCEO-EVVN,20-06-2012 08:40:30,20-06-2012 08:17:47,1363,-1,1
EVCEO-EVVN,20-06-2012 08:40:37,20-06-2012 08:09:34,1863,-1,1
EVCEO-EVVN,20-06-2012 08:40:40,20-06-2012 08:18:10,1350,-1,1
EVCEO-EVVN,20-06-2012 08:40:51,20-06-2012 08:20:35,1216,-1,1
EVCEO-EVVN,20-06-2012 08:41:01,20-06-2012 08:20:26,1235,-1,1
EVCEO-EVVN,20-06-2012 08:41:09,20-06-2012 08:19:04,1325,-1,1
EVCEO-EVVN,20-06-2012 08:41:20,20-06-2012 08:17:58,1402,-1,5
EVCEO-EVVN,20-06-2012 08:41:22,20-06-2012 08:19:07,1335,-1,1
EVCEO-EVVN,20-06-2012 08:41:26,20-06-2012 08:18:21,1385,-1,2
EVCEO-EVVN,20-06-2012 08:41:56,20-06-2012 08:19:47,1329,-1,1
EVCEO-EVVN,20-06-2012 08:42:02,20-06-2012 08:19:04,1378,-1,1
EVCEO-EVVN,20-06-2012 08:42:10,20-06-2012 08:20:31,1299,-1,1
EVCEO-EVVN,20-06-2012 08:42:14,20-06-2012 08:16:50,1524,-1,3
EVCEO-EVVN,20-06-2012 08:42:23,20-06-2012 08:20:25,1318,-1,1
EVCEO-EVVN,20-06-2012 08:42:37,20-06-2012 08:08:46,2031,-1,2
EVCEO-EVVN,20-06-2012 08:43:25,20-06-2012 08:21:50,1295,-1,1
EVCEO-EVVN,20-06-2012 08:43:27,20-06-2012 08:20:31,1376,-1,1
EVCEO-EVVN,20-06-2012 08:43:35,20-06-2012 08:27:36,959,-1,3
EVCEO-EVVN,20-06-2012 08:43:39,20-06-2012 08:30:11,808,-1,3
EVCEO-EVVN,20-06-2012 08:44:06,20-06-2012 08:21:51,1335,-1,1
EVCEO-EVVN,20-06-2012 08:44:11,20-06-2012 08:21:40,1351,-1,1
EVCEO-EVVN,20-06-2012 08:44:18,20-06-2012 08:24:25,1193,-1,1
EVCEO-EVVN,20-06-2012 08:44:50,20-06-2012 08:21:53,1377,-1,1
EVCEO-EVVN,20-06-2012 08:44:52,20-06-2012 08:22:36,1336,-1,1
EVCEO-EVVN,20-06-2012 08:44:55,20-06-2012 08:21:56,1379,-1,1
EVCEO-EVVN,20-06-2012 08:44:59,20-06-2012 08:19:22,1537,-1,3
EVCEO-EVVN,20-06-2012 08:45:02,20-06-2012 08:22:05,1377,-1,2
EVCEO-EVVN,20-06-2012 08:45:12,20-06-2012 08:22:19,1373,-1,1
EVCEO-EVVN,20-06-2012 08:45:14,20-06-2012 08:24:19,1255,-1,1
EVCEO-EVVN,20-06-2012 08:45:18,20-06-2012 08:23:10,1328,-1,1
EVCEO-EVVN,20-06-2012 08:45:21,20-06-2012 08:21:59,1402,-1,1
EVCEO-EVVN,20-06-2012 08:46:03,20-06-2012 08:23:19,1364,-1,1
EVCEO-EVVN,20-06-2012 08:46:11,20-06-2012 08:24:46,1285,-1,1
EVCEO-EVVN,20-06-2012 08:46:35,20-06-2012 08:25:58,1237,-1,1
EVCEO-EVVN,20-06-2012 08:46:50,20-06-2012 08:23:23,1407,-1,2
EVCEO-EVVN,20-06-2012 08:47:33,20-06-2012 08:24:16,1397,-1,1
EVCEO-EVVN,20-06-2012 08:47:44,20-06-2012 08:24:18,1406,-1,1
EVCEO-EVVN,20-06-2012 08:47:45,20-06-2012 08:25:56,1309,-1,1
EVCEO-EVVN,20-06-2012 08:48:33,20-06-2012 08:25:35,1378,-1,1
EVCEO-EVVN,20-06-2012 08:48:34,20-06-2012 08:22:03,1591,-1,1
EVCEO-EVVN,20-06-2012 08:48:45,20-06-2012 08:25:50,1375,-1,3
EVCEO-EVVN,20-06-2012 08:48:48,20-06-2012 08:25:58,1370,-1,1
EVCEO-EVVN,20-06-2012 08:49:51,20-06-2012 08:26:22,1409,-1,1
EVCEO-EVVN,20-06-2012 08:49:58,20-06-2012 08:29:11,1247,-1,1
EVCEO-EVVN,20-06-2012 08:50:12,20-06-2012 08:26:11,1441,-1,2
EVCEO-EVVN,20-06-2012 08:50:14,20-06-2012 08:29:40,1234,-1,1
EVCEO-EVVN,20-06-2012 08:50:26,20-06-2012 08:25:44,1482,-1,5
EVCEO-EVVN,20-06-2012 08:50:29,20-06-2012 08:28:10,1339,-1,1
EVCEO-EVVN,20-06-2012 08:50:53,20-06-2012 08:27:10,1423,-1,3
EVCEO-EVVN,20-06-2012 08:51:21,20-06-2012 08:28:06,1395,-1,1
EVCEO-EVVN,20-06-2012 08:51:25,20-06-2012 08:27:16,1449,-1,1
EVCEO-EVVN,20-06-2012 08:51:40,20-06-2012 08:31:22,1218,-1,1
EVCEO-EVVN,20-06-2012 08:51:41,20-06-2012 08:29:38,1323,-1,1
EVCEO-EVVN,20-06-2012 08:52:38,20-06-2012 08:30:19,1339,-1,1
EVCEO-EVVN,20-06-2012 08:52:48,20-06-2012 08:31:06,1302,-1,1
EVCEO-EVVN,20-06-2012 08:53:01,20-06-2012 08:31:18,1303,-1,1
EVCEO-EVVN,20-06-2012 08:54:02,20-06-2012 08:32:39,1283,-1,1
EVCEO-EVVN,20-06-2012 08:54:06,20-06-2012 08:33:11,1255,-1,1
EVCEO-EVVN,20-06-2012 08:54:08,20-06-2012 08:31:09,1379,-1,1
EVCEO-EVVN,20-06-2012 08:54:21,20-06-2012 08:30:06,1455,-1,1
EVCEO-EVVN,20-06-2012 08:54:40,20-06-2012 08:32:47,1313,-1,1
EVCEO-EVVN,20-06-2012 08:55:02,20-06-2012 08:31:26,1416,-1,1
EVCEO-EVVN,20-06-2012 08:55:13,20-06-2012 08:31:10,1443,-1,1
EVCEO-EVVN,20-06-2012 08:55:30,20-06-2012 08:11:03,2667,-1,3
EVCEO-EVVN,20-06-2012 08:55:57,20-06-2012 08:43:50,727,-1,3
EVCEO-EVVN,20-06-2012 08:55:59,20-06-2012 08:32:02,1437,-1,1
EVCEO-EVVN,20-06-2012 08:56:13,20-06-2012 08:32:30,1423,-1,3
EVCEO-EVVN,20-06-2012 08:56:45,20-06-2012 08:33:38,1387,-1,1
EVCEO-EVVN,20-06-2012 08:57:00,20-06-2012 08:33:58,1382,-1,1
EVCEO-EVVN,20-06-2012 08:57:09,20-06-2012 08:31:21,1548,-1,1
EVCEO-EVVN,20-06-2012 08:57:55,20-06-2012 08:31:29,1586,-1,1
EVCEO-EVVN,20-06-2012 08:58:01,20-06-2012 08:36:23,1298,-1,1
EVCEO-EVVN,20-06-2012 08:58:19,20-06-2012 08:20:20,2279,-1,2
EVCEO-EVVN,20-06-2012 08:58:20,20-06-2012 08:33:02,1518,-1,1
EVCEO-EVVN,20-06-2012 08:58:36,20-06-2012 08:27:23,1873,-1,1
EVCEO-EVVN,20-06-2012 08:58:40,20-06-2012 08:33:51,1489,-1,1
EVCEO-EVVN,20-06-2012 08:58:58,20-06-2012 08:48:20,638,-1,3
EVCEO-EVVN,20-06-2012 08:59:22,20-06-2012 08:35:31,1431,-1,1
EVCEO-EVVN,20-06-2012 08:59:22,20-06-2012 08:36:50,1352,-1,1
EVCEO-EVVN,20-06-2012 08:59:24,20-06-2012 08:36:40,1364,-1,1
EVCEO-EVVN,20-06-2012 08:59:25,20-06-2012 08:35:21,1444,-1,1
EVCEO-EVVN,20-06-2012 08:59:39,20-06-2012 08:35:33,1446,-1,1
EVCEO-EVVN,20-06-2012 08:59:52,20-06-2012 08:38:13,1299,-1,1
EVCEO-EVVN,20-06-2012 08:59:55,20-06-2012 08:36:57,1378,-1,1
EVCEO-EVVN,20-06-2012 09:00:01,20-06-2012 08:32:59,1622,-1,1
EVCEO-EVVN,20-06-2012 09:00:46,20-06-2012 08:39:11,1295,-1,1
EVCEO-EVVN,20-06-2012 09:00:51,20-06-2012 08:38:16,1355,-1,1
EVCEO-EVVN,20-06-2012 09:00:54,20-06-2012 08:39:06,1308,-1,1
EVCEO-EVVN,20-06-2012 09:00:56,20-06-2012 08:37:07,1429,-1,5
EVCEO-EVVN,20-06-2012 09:00:58,20-06-2012 08:40:26,1232,-1,1
EVCEO-EVVN,20-06-2012 09:00:59,20-06-2012 08:40:23,1236,-1,1
EVCEO-EVVN,20-06-2012 09:01:02,20-06-2012 08:40:27,1235,-1,1
EVCEO-EVVN,20-06-2012 09:02:09,20-06-2012 08:40:59,1270,-1,2
EVCEO-EVVN,20-06-2012 09:02:18,20-06-2012 08:41:40,1238,-1,1
EVCEO-EVVN,20-06-2012 09:02:22,20-06-2012 08:39:45,1357,-1,1
EVCEO-EVVN,20-06-2012 09:02:24,20-06-2012 08:23:56,2308,-1,1
EVCEO-EVVN,20-06-2012 09:02:30,20-06-2012 08:41:58,1232,-1,1
EVCEO-EVVN,20-06-2012 09:03:25,20-06-2012 08:39:14,1451,-1,3
EVCEO-EVVN,20-06-2012 09:03:26,20-06-2012 08:42:01,1285,-1,1
EVCEO-EVVN,20-06-2012 09:03:30,20-06-2012 08:39:56,1414,-1,2
EVCEO-EVVN,20-06-2012 09:03:32,20-06-2012 08:41:55,1297,-1,1
EVCEO-EVVN,20-06-2012 09:03:33,20-06-2012 08:40:19,1394,-1,1
EVCEO-EVVN,20-06-2012 09:03:37,20-06-2012 08:40:21,1396,-1,1
EVCEO-EVVN,20-06-2012 09:03:41,20-06-2012 08:41:44,1317,-1,1
EVCEO-EVVN,20-06-2012 09:04:18,20-06-2012 08:11:51,3147,-1,3
EVCEO-EVVN,20-06-2012 09:04:28,20-06-2012 08:52:32,716,-1,5
EVCEO-EVVN,20-06-2012 09:04:44,20-06-2012 08:43:04,1300,-1,1
EVCEO-EVVN,20-06-2012 09:04:48,20-06-2012 08:43:06,1302,-1,1
EVCEO-EVVN,20-06-2012 09:05:07,20-06-2012 08:43:15,1312,-1,1
EVCEO-EVVN,20-06-2012 09:05:11,20-06-2012 08:42:02,1389,-1,1
EVCEO-EVVN,20-06-2012 09:05:14,20-06-2012 08:43:12,1322,-1,1
EVCEO-EVVN,20-06-2012 09:05:19,20-06-2012 08:43:14,1325,-1,1
EVCEO-EVVN,20-06-2012 09:05:25,20-06-2012 08:43:02,1343,-1,1
EVCEO-EVVN,20-06-2012 09:05:51,20-06-2012 08:44:32,1279,-1,1
EVCEO-EVVN,20-06-2012 09:05:57,20-06-2012 08:54:06,711,-1,1
EVCEO-EVVN,20-06-2012 09:06:17,20-06-2012 08:09:06,3431,-1,3
EVCEO-EVVN,20-06-2012 09:06:21,20-06-2012 08:43:23,1378,-1,4
EVCEO-EVVN,20-06-2012 09:06:25,20-06-2012 08:44:26,1319,-1,1
EVCEO-EVVN,20-06-2012 09:06:34,20-06-2012 08:55:18,676,-1,2
EVCEO-EVVN,20-06-2012 09:06:36,20-06-2012 08:44:18,1338,-1,1
EVCEO-EVVN,20-06-2012 09:07:17,20-06-2012 08:46:20,1257,-1,1
EVCEO-EVVN,20-06-2012 09:07:22,20-06-2012 08:44:25,1377,-1,1
EVCEO-EVVN,20-06-2012 09:07:27,20-06-2012 08:45:47,1300,-1,1
EVCEO-EVVN,20-06-2012 09:08:42,20-06-2012 08:47:16,1286,-1,1
EVCEO-EVVN,20-06-2012 09:08:46,20-06-2012 08:46:25,1341,-1,2
EVCEO-EVVN,20-06-2012 09:08:49,20-06-2012 08:48:42,1207,-1,1
EVCEO-EVVN,20-06-2012 09:08:51,20-06-2012 08:48:52,1199,-1,1
EVCEO-EVVN,20-06-2012 09:08:59,20-06-2012 08:49:38,1161,-1,1
EVCEO-EVVN,20-06-2012 09:09:02,20-06-2012 08:48:54,1208,-1,1
EVCEO-EVVN,20-06-2012 09:09:07,20-06-2012 08:48:18,1249,-1,1
EVCEO-EVVN,20-06-2012 09:09:10,20-06-2012 08:48:49,1221,-1,1
EVCEO-EVVN,20-06-2012 09:09:12,20-06-2012 08:48:26,1246,-1,1
EVCEO-EVVN,20-06-2012 09:09:16,20-06-2012 08:48:28,1248,-1,1
EVCEO-EVVN,20-06-2012 09:09:54,20-06-2012 08:48:55,1259,-1,1
EVCEO-EVVN,20-06-2012 09:10:01,20-06-2012 08:33:43,2178,-1,2
EVCEO-EVVN,20-06-2012 09:10:07,20-06-2012 08:49:58,1209,-1,1
EVCEO-EVVN,20-06-2012 09:10:12,20-06-2012 08:51:11,1141,-1,1
EVCEO-EVVN,20-06-2012 09:10:22,20-06-2012 08:51:11,1151,-1,2
EVCEO-EVVN,20-06-2012 09:10:25,20-06-2012 08:51:03,1162,-1,1
EVCEO-EVVN,20-06-2012 09:10:26,20-06-2012 08:51:05,1161,-1,1
EVCEO-EVVN,20-06-2012 09:10:31,20-06-2012 08:44:50,1541,-1,1
EVCEO-EVVN,20-06-2012 09:11:07,20-06-2012 08:51:01,1206,-1,1
EVCEO-EVVN,20-06-2012 09:11:33,20-06-2012 08:50:49,1244,-1,1
EVCEO-EVVN,20-06-2012 09:13:00,20-06-2012 08:51:47,1273,-1,1
EVCEO-EVVN,20-06-2012 09:13:02,20-06-2012 08:53:28,1174,-1,1
EVCEO-EVVN,20-06-2012 09:13:04,20-06-2012 08:48:10,1494,-1,1
EVCEO-EVVN,20-06-2012 09:13:04,20-06-2012 08:52:24,1240,-1,1
EVCEO-EVVN,20-06-2012 09:13:07,20-06-2012 08:53:41,1166,-1,2
EVCEO-EVVN,20-06-2012 09:14:36,20-06-2012 08:53:48,1248,-1,1
EVCEO-EVVN,20-06-2012 09:15:08,20-06-2012 08:54:08,1260,-1,1
EVCEO-EVVN,20-06-2012 09:15:19,20-06-2012 08:55:23,1196,-1,1
EVCEO-EVVN,20-06-2012 09:15:27,20-06-2012 08:53:04,1343,-1,1
EVCEO-EVVN,20-06-2012 09:15:29,20-06-2012 08:53:39,1310,-1,1
EVCEO-EVVN,20-06-2012 09:15:35,20-06-2012 08:55:04,1231,-1,1
EVCEO-EVVN,20-06-2012 09:15:37,20-06-2012 08:54:12,1285,-1,4
EVCEO-EVVN,20-06-2012 09:16:42,20-06-2012 08:57:50,1132,-1,1
EVCEO-EVVN,20-06-2012 09:16:43,20-06-2012 08:55:13,1290,-1,1
EVCEO-EVVN,20-06-2012 09:16:44,20-06-2012 08:56:39,1205,-1,1
EVCEO-EVVN,20-06-2012 09:16:45,20-06-2012 08:58:04,1121,-1,1
EVCEO-EVVN,20-06-2012 09:16:47,20-06-2012 08:50:03,1604,-1,1
EVCEO-EVVN,20-06-2012 09:16:48,20-06-2012 08:56:59,1189,-1,1
EVCEO-EVVN,20-06-2012 09:16:52,20-06-2012 08:58:33,1099,-1,1
EVCEO-EVVN,20-06-2012 09:16:59,20-06-2012 08:52:26,1473,-1,1
EVCEO-EVVN,20-06-2012 09:17:20,20-06-2012 08:59:08,1092,-1,1
EVCEO-EVVN,20-06-2012 09:17:25,20-06-2012 08:56:20,1265,-1,1
EVCEO-EVVN,20-06-2012 09:17:50,20-06-2012 08:58:35,1155,-1,1
EVCEO-EVVN,20-06-2012 09:19:19,20-06-2012 08:57:04,1335,-1,2
EVCEO-EVVN,20-06-2012 09:19:24,20-06-2012 08:58:07,1277,-1,4
EVCEO-EVVN,20-06-2012 09:19:38,20-06-2012 08:58:33,1265,-1,1
EVCEO-EVVN,20-06-2012 09:19:38,20-06-2012 09:02:00,1058,-1,1
EVCEO-EVVN,20-06-2012 09:19:39,20-06-2012 09:01:36,1083,-1,1
EVCEO-EVVN,20-06-2012 09:19:50,20-06-2012 08:59:19,1231,-1,1
EVCEO-EVVN,20-06-2012 09:19:55,20-06-2012 08:59:45,1210,-1,1
EVCEO-EVVN,20-06-2012 09:20:16,20-06-2012 09:08:04,732,-1,3
EVCEO-EVVN,20-06-2012 09:20:45,20-06-2012 09:03:04,1061,-1,1
EVCEO-EVVN,20-06-2012 09:20:57,20-06-2012 09:03:47,1030,-1,1
EVCEO-EVVN,20-06-2012 09:21:01,20-06-2012 09:02:41,1100,-1,1
EVCEO-EVVN,20-06-2012 09:21:05,20-06-2012 09:01:40,1165,-1,1
EVCEO-EVVN,20-06-2012 09:21:05,20-06-2012 09:03:06,1079,-1,1
EVCEO-EVVN,20-06-2012 09:21:17,20-06-2012 08:55:23,1554,-1,3
EVCEO-EVVN,20-06-2012 09:21:47,20-06-2012 08:58:00,1427,-1,3
EVCEO-EVVN,20-06-2012 09:21:58,20-06-2012 09:02:02,1196,-1,1
EVCEO-EVVN,20-06-2012 09:22:15,20-06-2012 09:04:21,1074,-1,1
EVCEO-EVVN,20-06-2012 09:22:18,20-06-2012 09:03:04,1154,-1,1
EVCEO-EVVN,20-06-2012 09:22:19,20-06-2012 09:04:57,1042,-1,1
EVCEO-EVVN,20-06-2012 09:22:20,20-06-2012 09:03:32,1128,-1,1
EVCEO-EVVN,20-06-2012 09:22:31,20-06-2012 09:04:23,1088,-1,1
EVCEO-EVVN,20-06-2012 09:23:13,20-06-2012 09:05:15,1078,-1,1
EVCEO-EVVN,20-06-2012 09:23:25,20-06-2012 09:06:15,1030,-1,1
EVCEO-EVVN,20-06-2012 09:23:31,20-06-2012 09:04:59,1112,-1,1
EVCEO-EVVN,20-06-2012 09:23:44,20-06-2012 08:52:22,1882,-1,2
EVCEO-EVVN,20-06-2012 09:23:46,20-06-2012 09:04:46,1140,-1,1
EVCEO-EVVN,20-06-2012 09:23:56,20-06-2012 09:00:28,1408,-1,2
EVCEO-EVVN,20-06-2012 09:24:16,20-06-2012 09:00:39,1417,-1,3
EVCEO-EVVN,20-06-2012 09:24:45,20-06-2012 09:16:27,498,-1,3
EVCEO-EVVN,20-06-2012 09:25:54,20-06-2012 09:13:50,724,-1,3
EVCEO-EVVN,20-06-2012 09:26:06,20-06-2012 09:08:23,1063,-1,1
EVCEO-EVVN,20-06-2012 09:26:11,20-06-2012 09:08:43,1048,-1,1
EVCEO-EVVN,20-06-2012 09:26:15,20-06-2012 09:02:07,1448,-1,2
EVCEO-EVVN,20-06-2012 09:26:31,20-06-2012 09:09:39,1012,-1,1
EVCEO-EVVN,20-06-2012 09:26:31,20-06-2012 09:10:00,991,-1,1
EVCEO-EVVN,20-06-2012 09:26:32,20-06-2012 09:10:05,987,-1,1
EVCEO-EVVN,20-06-2012 09:26:44,20-06-2012 09:05:58,1246,-1,4
EVCEO-EVVN,20-06-2012 09:27:12,20-06-2012 09:09:45,1047,-1,1
EVCEO-EVVN,20-06-2012 09:27:23,20-06-2012 09:08:00,1163,-1,1
EVCEO-EVVN,20-06-2012 09:27:25,20-06-2012 09:08:48,1117,-1,2
EVCEO-EVVN,20-06-2012 09:27:31,20-06-2012 09:05:41,1310,-1,1
EVCEO-EVVN,20-06-2012 09:27:33,20-06-2012 09:07:05,1228,-1,1
EVCEO-EVVN,20-06-2012 09:27:35,20-06-2012 09:05:43,1312,-1,1
EVCEO-EVVN,20-06-2012 09:27:41,20-06-2012 09:09:48,1073,-1,1
EVCEO-EVVN,20-06-2012 09:27:45,20-06-2012 09:11:11,994,-1,1
EVCEO-EVVN,20-06-2012 09:28:09,20-06-2012 09:09:53,1096,-1,1
EVCEO-EVVN,20-06-2012 09:28:44,20-06-2012 09:11:12,1052,-1,2
EVCEO-EVVN,20-06-2012 09:28:57,20-06-2012 09:08:59,1198,-1,1
EVCEO-EVVN,20-06-2012 09:28:59,20-06-2012 09:09:04,1195,-1,1
EVCEO-EVVN,20-06-2012 09:29:02,20-06-2012 09:11:15,1067,-1,1
EVCEO-EVVN,20-06-2012 09:29:13,20-06-2012 09:12:51,982,-1,1
EVCEO-EVVN,20-06-2012 09:29:15,20-06-2012 09:11:07,1088,-1,1
EVCEO-EVVN,20-06-2012 09:29:17,20-06-2012 09:11:09,1088,-1,1
EVCEO-EVVN,20-06-2012 09:29:57,20-06-2012 09:14:17,940,-1,1
EVCEO-EVVN,20-06-2012 09:30:05,20-06-2012 09:13:05,1020,-1,1
EVCEO-EVVN,20-06-2012 09:30:21,20-06-2012 09:15:07,914,-1,1
EVCEO-EVVN,20-06-2012 09:30:30,20-06-2012 09:12:07,1103,-1,2
EVCEO-EVVN,20-06-2012 09:30:34,20-06-2012 09:14:35,959,-1,1
EVCEO-EVVN,20-06-2012 09:30:35,20-06-2012 09:12:09,1106,-1,1
EVCEO-EVVN,20-06-2012 09:30:38,20-06-2012 09:15:04,934,-1,1
EVCEO-EVVN,20-06-2012 09:30:45,20-06-2012 08:44:40,2765,-1,3
EVCEO-EVVN,20-06-2012 09:31:12,20-06-2012 08:55:15,2157,-1,1
EVCEO-EVVN,20-06-2012 09:31:14,20-06-2012 09:17:15,839,-1,1
EVCEO-EVVN,20-06-2012 09:31:33,20-06-2012 09:06:32,1501,-1,1
EVCEO-EVVN,20-06-2012 09:31:39,20-06-2012 09:15:13,986,-1,1
EVCEO-EVVN,20-06-2012 09:31:46,20-06-2012 09:15:15,991,-1,1
EVCEO-EVVN,20-06-2012 09:32:31,20-06-2012 09:21:12,679,-1,3
EVCEO-EVVN,20-06-2012 09:33:00,20-06-2012 09:11:15,1305,-1,2
EVCEO-EVVN,20-06-2012 09:33:03,20-06-2012 09:16:23,1000,-1,1
EVCEO-EVVN,20-06-2012 09:33:33,20-06-2012 09:17:45,948,-1,2
EVCEO-EVVN,20-06-2012 09:34:03,20-06-2012 09:17:16,1007,-1,1
EVCEO-EVVN,20-06-2012 09:34:17,20-06-2012 09:15:48,1109,-1,1
EVCEO-EVVN,20-06-2012 09:34:18,20-06-2012 09:17:03,1035,-1,1
EVCEO-EVVN,20-06-2012 09:34:19,20-06-2012 09:17:02,1037,-1,1
EVCEO-EVVN,20-06-2012 09:34:26,20-06-2012 09:17:40,1006,-1,1
EVCEO-EVVN,20-06-2012 09:34:31,20-06-2012 09:15:21,1150,-1,1
EVCEO-EVVN,20-06-2012 09:34:33,20-06-2012 09:19:09,924,-1,1
EVCEO-EVVN,20-06-2012 09:34:37,20-06-2012 09:17:12,1045,-1,1
EVCEO-EVVN,20-06-2012 09:35:27,20-06-2012 09:19:55,932,-1,1
EVCEO-EVVN,20-06-2012 09:35:31,20-06-2012 09:19:51,940,-1,1
EVCEO-EVVN,20-06-2012 09:35:39,20-06-2012 09:19:57,942,-1,1
EVCEO-EVVN,20-06-2012 09:35:41,20-06-2012 09:19:23,978,-1,1
EVCEO-EVVN,20-06-2012 09:35:48,20-06-2012 09:17:59,1069,-1,1
EVCEO-EVVN,20-06-2012 09:35:51,20-06-2012 09:18:21,1050,-1,1
EVCEO-EVVN,20-06-2012 09:35:54,20-06-2012 09:12:55,1379,-1,1
EVCEO-EVVN,20-06-2012 09:36:45,20-06-2012 09:20:53,952,-1,1
EVCEO-EVVN,20-06-2012 09:36:59,20-06-2012 09:21:05,954,-1,1
EVCEO-EVVN,20-06-2012 09:37:01,20-06-2012 09:21:47,914,-1,2
EVCEO-EVVN,20-06-2012 09:37:03,20-06-2012 09:22:31,872,-1,1
EVCEO-EVVN,20-06-2012 09:37:48,20-06-2012 09:23:14,874,-1,1
EVCEO-EVVN,20-06-2012 09:37:52,20-06-2012 09:20:06,1066,-1,1
EVCEO-EVVN,20-06-2012 09:38:23,20-06-2012 09:19:09,1154,-1,4
EVCEO-EVVN,20-06-2012 09:38:24,20-06-2012 09:23:17,907,-1,1
EVCEO-EVVN,20-06-2012 09:38:36,20-06-2012 09:20:21,1095,-1,3
EVCEO-EVVN,20-06-2012 09:39:07,20-06-2012 09:25:23,824,-1,1
EVCEO-EVVN,20-06-2012 09:39:27,20-06-2012 09:20:43,1124,-1,1
EVCEO-EVVN,20-06-2012 09:39:30,20-06-2012 09:21:17,1093,-1,1
EVCEO-EVVN,20-06-2012 09:39:51,20-06-2012 09:21:45,1086,-1,1
EVCEO-EVVN,20-06-2012 09:39:54,20-06-2012 09:22:04,1070,-1,1
EVCEO-EVVN,20-06-2012 09:39:59,20-06-2012 09:29:00,659,-1,3
EVCEO-EVVN,20-06-2012 09:40:32,20-06-2012 09:22:11,1101,-1,1
EVCEO-EVVN,20-06-2012 09:40:58,20-06-2012 09:26:01,897,-1,2
EVCEO-EVVN,20-06-2012 09:41:01,20-06-2012 09:28:09,772,-1,1
EVCEO-EVVN,20-06-2012 09:41:04,20-06-2012 09:26:38,866,-1,1
EVCEO-EVVN,20-06-2012 09:41:07,20-06-2012 09:27:18,829,-1,2
EVCEO-EVVN,20-06-2012 09:41:17,20-06-2012 09:24:30,1007,-1,1
EVCEO-EVVN,20-06-2012 09:41:25,20-06-2012 09:24:17,1028,-1,2
EVCEO-EVVN,20-06-2012 09:41:34,20-06-2012 09:24:48,1006,-1,1
EVCEO-EVVN,20-06-2012 09:42:00,20-06-2012 09:26:04,956,-1,1
EVCEO-EVVN,20-06-2012 09:42:03,20-06-2012 09:20:53,1270,-1,1
EVCEO-EVVN,20-06-2012 09:42:51,20-06-2012 09:29:35,796,-1,1
EVCEO-EVVN,20-06-2012 09:42:55,20-06-2012 09:27:44,911,-1,1
EVCEO-EVVN,20-06-2012 09:43:05,20-06-2012 09:10:03,1982,-1,1
EVCEO-EVVN,20-06-2012 09:43:09,20-06-2012 09:15:07,1682,-1,1
EVCEO-EVVN,20-06-2012 09:43:14,20-06-2012 09:28:18,896,-1,2
EVCEO-EVVN,20-06-2012 09:43:18,20-06-2012 09:28:44,874,-1,1
EVCEO-EVVN,20-06-2012 09:43:44,20-06-2012 09:32:20,684,-1,1
EVCEO-EVVN,20-06-2012 09:44:45,20-06-2012 09:31:33,792,-1,1
EVCEO-EVVN,20-06-2012 09:44:51,20-06-2012 08:56:19,2912,-1,1
EVCEO-EVVN,20-06-2012 09:44:59,20-06-2012 09:24:37,1222,-1,1
EVCEO-EVVN,20-06-2012 09:45:32,20-06-2012 09:28:52,1000,-1,1
EVCEO-EVVN,20-06-2012 09:45:42,20-06-2012 09:33:54,708,-1,1
EVCEO-EVVN,20-06-2012 09:45:47,20-06-2012 09:32:40,787,-1,1
EVCEO-EVVN,20-06-2012 09:45:58,20-06-2012 09:32:23,815,-1,4
EVCEO-EVVN,20-06-2012 09:46:21,20-06-2012 09:32:41,820,-1,1
EVCEO-EVVN,20-06-2012 09:46:23,20-06-2012 09:31:09,914,-1,1
EVCEO-EVVN,20-06-2012 09:46:25,20-06-2012 09:30:05,980,-1,1
EVCEO-EVVN,20-06-2012 09:46:27,20-06-2012 08:47:14,3553,-1,1
EVCEO-EVVN,20-06-2012 09:46:30,20-06-2012 09:34:59,691,-1,1
EVCEO-EVVN,20-06-2012 09:46:33,20-06-2012 09:30:58,935,-1,2
EVCEO-EVVN,20-06-2012 09:46:57,20-06-2012 09:31:19,938,-1,1
EVCEO-EVVN,20-06-2012 09:47:00,20-06-2012 09:35:14,706,-1,1
EVCEO-EVVN,20-06-2012 09:47:17,20-06-2012 09:35:26,711,-1,1
EVCEO-EVVN,20-06-2012 09:47:25,20-06-2012 09:36:28,657,-1,1
EVCEO-EVVN,20-06-2012 09:47:28,20-06-2012 09:35:18,730,-1,1
EVCEO-EVVN,20-06-2012 09:47:32,20-06-2012 09:35:39,713,-1,1
EVCEO-EVVN,20-06-2012 09:47:37,20-06-2012 09:36:06,691,-1,1
EVCEO-EVVN,20-06-2012 09:47:46,20-06-2012 09:35:43,723,-1,1
EVCEO-EVVN,20-06-2012 09:48:38,20-06-2012 09:36:18,740,-1,1
EVCEO-EVVN,20-06-2012 09:48:40,20-06-2012 09:37:42,658,-1,3
EVCEO-EVVN,20-06-2012 09:48:59,20-06-2012 09:37:53,666,-1,1
EVCEO-EVVN,20-06-2012 09:49:12,20-06-2012 09:35:09,843,-1,1
EVCEO-EVVN,20-06-2012 09:49:37,20-06-2012 09:23:13,1584,-1,1
EVCEO-EVVN,20-06-2012 09:50:03,20-06-2012 09:36:40,803,-1,1
EVCEO-EVVN,20-06-2012 09:50:17,20-06-2012 09:35:22,895,-1,1
EVCEO-EVVN,20-06-2012 09:50:19,20-06-2012 09:35:20,899,-1,1
EVCEO-EVVN,20-06-2012 09:51:11,20-06-2012 09:37:45,806,-1,1
EVCEO-EVVN,20-06-2012 09:51:13,20-06-2012 09:38:55,738,-1,1
EVCEO-EVVN,20-06-2012 09:51:22,20-06-2012 09:38:46,756,-1,2
EVCEO-EVVN,20-06-2012 09:51:24,20-06-2012 09:38:43,761,-1,1
EVCEO-EVVN,20-06-2012 09:51:25,20-06-2012 09:38:42,763,-1,1
EVCEO-EVVN,20-06-2012 09:51:29,20-06-2012 09:36:22,907,-1,1
EVCEO-EVVN,20-06-2012 09:51:34,20-06-2012 09:40:11,683,-1,3
EVCEO-EVVN,20-06-2012 09:51:42,20-06-2012 09:37:01,881,-1,1
EVCEO-EVVN,20-06-2012 09:51:45,20-06-2012 09:39:56,709,-1,1
EVCEO-EVVN,20-06-2012 09:51:49,20-06-2012 09:37:48,841,-1,2
EVCEO-EVVN,20-06-2012 09:51:54,20-06-2012 09:40:44,670,-1,1
EVCEO-EVVN,20-06-2012 09:52:25,20-06-2012 09:40:46,699,-1,1
EVCEO-EVVN,20-06-2012 09:52:41,20-06-2012 09:09:43,2578,-1,1
EVCEO-EVVN,20-06-2012 09:52:42,20-06-2012 09:36:35,967,-1,1
EVCEO-EVVN,20-06-2012 09:52:46,20-06-2012 09:42:09,637,-1,1
EVCEO-EVVN,20-06-2012 09:53:17,20-06-2012 09:39:50,807,-1,1
EVCEO-EVVN,20-06-2012 09:53:21,20-06-2012 09:39:32,829,-1,1
EVCEO-EVVN,20-06-2012 09:53:28,20-06-2012 09:39:01,867,-1,1
EVCEO-EVVN,20-06-2012 09:53:49,20-06-2012 09:39:10,879,-1,1
EVCEO-EVVN,20-06-2012 09:53:54,20-06-2012 09:40:48,786,-1,1
EVCEO-EVVN,20-06-2012 09:53:59,20-06-2012 09:42:11,708,-1,1
EVCEO-EVVN,20-06-2012 09:54:03,20-06-2012 09:42:59,664,-1,1
EVCEO-EVVN,20-06-2012 09:54:06,20-06-2012 09:43:01,665,-1,1
EVCEO-EVVN,20-06-2012 09:54:09,20-06-2012 09:43:10,659,-1,1
EVCEO-EVVN,20-06-2012 09:54:13,20-06-2012 09:43:04,669,-1,1
EVCEO-EVVN,20-06-2012 09:54:13,20-06-2012 09:43:12,661,-1,1
EVCEO-EVVN,20-06-2012 09:54:18,20-06-2012 09:40:16,842,-1,1
EVCEO-EVVN,20-06-2012 09:54:22,20-06-2012 09:40:22,840,-1,1
EVCEO-EVVN,20-06-2012 09:55:16,20-06-2012 08:56:26,3530,-1,3
EVCEO-EVVN,20-06-2012 09:55:23,20-06-2012 09:44:21,662,-1,1
EVCEO-EVVN,20-06-2012 09:55:28,20-06-2012 09:43:16,732,-1,1
EVCEO-EVVN,20-06-2012 09:55:30,20-06-2012 09:43:40,710,-1,2
EVCEO-EVVN,20-06-2012 09:55:46,20-06-2012 09:42:22,804,-1,3
EVCEO-EVVN,20-06-2012 09:56:38,20-06-2012 09:46:28,610,-1,1
EVCEO-EVVN,20-06-2012 09:56:49,20-06-2012 09:46:58,591,-1,3
EVCEO-EVVN,20-06-2012 09:57:03,20-06-2012 09:46:51,612,-1,1
EVCEO-EVVN,20-06-2012 09:57:09,20-06-2012 09:45:05,724,-1,1
EVCEO-EVVN,20-06-2012 09:57:13,20-06-2012 09:44:46,747,-1,1
EVCEO-EVVN,20-06-2012 09:57:16,20-06-2012 09:45:17,719,-1,1
EVCEO-EVVN,20-06-2012 09:57:51,20-06-2012 09:44:35,796,-1,3
EVCEO-EVVN,20-06-2012 09:58:00,20-06-2012 09:47:00,660,-1,1
EVCEO-EVVN,20-06-2012 09:58:03,20-06-2012 09:24:28,2015,-1,1
EVCEO-EVVN,20-06-2012 09:58:17,20-06-2012 09:47:37,640,-1,1
EVCEO-EVVN,20-06-2012 09:58:34,20-06-2012 09:48:29,605,-1,1
EVCEO-EVVN,20-06-2012 09:58:37,20-06-2012 09:46:52,705,-1,1
EVCEO-EVVN,20-06-2012 09:58:39,20-06-2012 09:48:36,603,-1,1
EVCEO-EVVN,20-06-2012 09:58:42,20-06-2012 09:48:29,613,-1,1
EVCEO-EVVN,20-06-2012 09:59:15,20-06-2012 09:27:12,1923,-1,1
EVCEO-EVVN,20-06-2012 09:59:21,20-06-2012 09:45:35,826,-1,3
EVCEO-EVVN,20-06-2012 09:59:25,20-06-2012 09:46:27,778,-1,1
EVCEO-EVVN,20-06-2012 09:59:27,20-06-2012 09:48:23,664,-1,1
EVCEO-EVVN,20-06-2012 09:59:45,20-06-2012 09:48:34,671,-1,1
EVCEO-EVVN,20-06-2012 09:59:53,20-06-2012 09:23:41,2172,-1,3
EVCEO-EVVN,20-06-2012 10:00:33,20-06-2012 09:50:00,633,-1,1
EVCEO-EVVN,20-06-2012 10:00:44,20-06-2012 09:47:22,802,-1,1
EVCEO-EVVN,20-06-2012 10:00:57,20-06-2012 09:43:07,1070,-1,1
EVCEO-EVVN,20-06-2012 10:02:05,20-06-2012 09:50:48,677,-1,1
EVCEO-EVVN,20-06-2012 10:02:08,20-06-2012 09:52:58,550,-1,1
EVCEO-EVVN,20-06-2012 10:02:13,20-06-2012 09:51:03,670,-1,1
EVCEO-EVVN,20-06-2012 10:02:15,20-06-2012 09:51:57,618,-1,1
EVCEO-EVVN,20-06-2012 10:03:17,20-06-2012 09:53:38,579,-1,1
EVCEO-EVVN,20-06-2012 10:03:23,20-06-2012 09:49:46,817,-1,5
EVCEO-EVVN,20-06-2012 10:03:52,20-06-2012 09:53:47,605,-1,1
EVCEO-EVVN,20-06-2012 10:03:56,20-06-2012 09:52:52,664,-1,1
EVCEO-EVVN,20-06-2012 10:04:31,20-06-2012 09:52:25,726,-1,3
EVCEO-EVVN,20-06-2012 10:04:47,20-06-2012 09:51:06,821,-1,1
EVCEO-EVVN,20-06-2012 10:04:54,20-06-2012 09:51:28,806,-1,2
EVCEO-EVVN,20-06-2012 10:04:58,20-06-2012 09:52:21,757,-1,1
EVCEO-EVVN,20-06-2012 10:05:04,20-06-2012 09:54:58,606,-1,1
EVCEO-EVVN,20-06-2012 10:05:26,20-06-2012 09:51:08,858,-1,1
EVCEO-EVVN,20-06-2012 10:06:45,20-06-2012 09:55:10,695,-1,2
EVCEO-EVVN,20-06-2012 10:06:51,20-06-2012 09:53:40,791,-1,3
EVCEO-EVVN,20-06-2012 10:07:25,20-06-2012 09:55:07,738,-1,2
EVCEO-EVVN,20-06-2012 10:07:33,20-06-2012 09:58:04,569,-1,2
EVCEO-EVVN,20-06-2012 10:07:34,20-06-2012 09:55:09,745,-1,1
EVCEO-EVVN,20-06-2012 10:07:35,20-06-2012 09:58:29,546,-1,1
EVCEO-EVVN,20-06-2012 10:07:37,20-06-2012 09:56:29,668,-1,1
EVCEO-EVVN,20-06-2012 10:07:46,20-06-2012 09:56:31,675,-1,1
EVCEO-EVVN,20-06-2012 10:08:05,20-06-2012 09:57:36,629,-1,1
EVCEO-EVVN,20-06-2012 10:08:30,20-06-2012 09:57:55,635,-1,1
EVCEO-EVVN,20-06-2012 10:08:34,20-06-2012 09:57:40,654,-1,1
EVCEO-EVVN,20-06-2012 10:08:38,20-06-2012 09:56:32,726,-1,2
EVCEO-EVVN,20-06-2012 10:08:42,20-06-2012 10:00:21,501,-1,1
EVCEO-EVVN,20-06-2012 10:08:45,20-06-2012 10:00:57,468,-1,1
EVCEO-EVVN,20-06-2012 10:09:56,20-06-2012 09:56:50,786,-1,1
EVCEO-EVVN,20-06-2012 10:09:58,20-06-2012 10:01:06,532,-1,2
EVCEO-EVVN,20-06-2012 10:10:08,20-06-2012 09:59:01,667,-1,1
EVCEO-EVVN,20-06-2012 10:10:11,20-06-2012 10:01:05,546,-1,1
EVCEO-EVVN,20-06-2012 10:10:15,20-06-2012 10:01:32,523,-1,1
EVCEO-EVVN,20-06-2012 10:10:52,20-06-2012 09:59:09,703,-1,3
EVCEO-EVVN,20-06-2012 10:11:30,20-06-2012 09:58:15,795,-1,4
EVCEO-EVVN,20-06-2012 10:11:38,20-06-2012 09:35:13,2185,-1,1
EVCEO-EVVN,20-06-2012 10:11:39,20-06-2012 10:00:44,655,-1,1
EVCEO-EVVN,20-06-2012 10:11:41,20-06-2012 10:01:49,592,-1,2
EVCEO-EVVN,20-06-2012 10:11:44,20-06-2012 10:00:46,658,-1,1
EVCEO-EVVN,20-06-2012 10:11:44,20-06-2012 10:03:44,480,-1,1
EVCEO-EVVN,20-06-2012 10:11:47,20-06-2012 10:00:49,658,-1,1
EVCEO-EVVN,20-06-2012 10:11:47,20-06-2012 10:02:55,532,-1,1
EVCEO-EVVN,20-06-2012 10:11:56,20-06-2012 10:02:15,581,-1,1
EVCEO-EVVN,20-06-2012 10:12:09,20-06-2012 10:02:01,608,-1,5
EVCEO-EVVN,20-06-2012 10:12:49,20-06-2012 10:04:53,476,-1,1
EVCEO-EVVN,20-06-2012 10:13:55,20-06-2012 10:04:21,574,-1,1
EVCEO-EVVN,20-06-2012 10:13:59,20-06-2012 09:57:51,968,-1,1
EVCEO-EVVN,20-06-2012 10:14:03,20-06-2012 10:06:03,480,-1,1
EVCEO-EVVN,20-06-2012 10:14:20,20-06-2012 10:07:07,433,-1,1
EVCEO-EVVN,20-06-2012 10:14:22,20-06-2012 10:05:45,517,-1,1
EVCEO-EVVN,20-06-2012 10:14:25,20-06-2012 10:05:52,513,-1,1
EVCEO-EVVN,20-06-2012 10:14:31,20-06-2012 10:05:40,531,-1,1
EVCEO-EVVN,20-06-2012 10:14:35,20-06-2012 10:05:52,523,-1,1
EVCEO-EVVN,20-06-2012 10:14:43,20-06-2012 10:02:14,749,-1,5
EVCEO-EVVN,20-06-2012 10:15:42,20-06-2012 10:07:05,517,-1,2
EVCEO-EVVN,20-06-2012 10:15:47,20-06-2012 10:06:24,563,-1,1
EVCEO-EVVN,20-06-2012 10:15:51,20-06-2012 10:04:25,686,-1,3
EVCEO-EVVN,20-06-2012 10:16:05,20-06-2012 10:07:01,544,-1,1
EVCEO-EVVN,20-06-2012 10:16:10,20-06-2012 10:05:43,627,-1,1
EVCEO-EVVN,20-06-2012 10:16:50,20-06-2012 09:32:48,2642,-1,1
EVCEO-EVVN,20-06-2012 10:16:52,20-06-2012 10:09:07,465,-1,2
EVCEO-EVVN,20-06-2012 10:16:52,20-06-2012 10:09:10,462,-1,1
EVCEO-EVVN,20-06-2012 10:16:56,20-06-2012 10:09:28,448,-1,1
EVCEO-EVVN,20-06-2012 10:16:58,20-06-2012 10:07:26,572,-1,1
EVCEO-EVVN,20-06-2012 10:17:00,20-06-2012 10:03:31,809,-1,1
EVCEO-EVVN,20-06-2012 10:17:12,20-06-2012 10:09:02,490,-1,1
EVCEO-EVVN,20-06-2012 10:17:13,20-06-2012 10:07:28,585,-1,1
EVCEO-EVVN,20-06-2012 10:17:24,20-06-2012 10:06:29,655,-1,1
EVCEO-EVVN,20-06-2012 10:17:44,20-06-2012 10:06:29,675,-1,3
EVCEO-EVVN,20-06-2012 10:17:52,20-06-2012 10:06:22,690,-1,1
EVCEO-EVVN,20-06-2012 10:18:00,20-06-2012 10:10:36,444,-1,1
EVCEO-EVVN,20-06-2012 10:18:01,20-06-2012 10:08:26,575,-1,1
EVCEO-EVVN,20-06-2012 10:18:04,20-06-2012 10:10:56,428,-1,1
EVCEO-EVVN,20-06-2012 10:18:08,20-06-2012 10:10:58,430,-1,1
EVCEO-EVVN,20-06-2012 10:18:16,20-06-2012 10:09:47,509,-1,1
EVCEO-EVVN,20-06-2012 10:18:45,20-06-2012 09:14:23,3862,-1,3
EVCEO-EVVN,20-06-2012 10:20:48,20-06-2012 10:13:26,442,-1,1
EVCEO-EVVN,20-06-2012 10:20:52,20-06-2012 10:10:57,595,-1,5
EVCEO-EVVN,20-06-2012 10:21:11,20-06-2012 10:11:47,564,-1,1
EVCEO-EVVN,20-06-2012 10:21:33,20-06-2012 10:11:50,583,-1,3
EVCEO-EVVN,20-06-2012 10:22:09,20-06-2012 10:12:34,575,-1,1
EVCEO-EVVN,20-06-2012 10:22:56,20-06-2012 10:03:21,1175,-1,1
EVCEO-EVVN,20-06-2012 10:23:17,20-06-2012 10:10:14,783,-1,3
EVCEO-EVVN,20-06-2012 10:24:53,20-06-2012 10:14:42,611,-1,1
EVCEO-EVVN,20-06-2012 10:24:58,20-06-2012 10:14:38,620,-1,1
EVCEO-EVVN,20-06-2012 10:25:00,20-06-2012 10:15:16,584,-1,2
EVCEO-EVVN,20-06-2012 10:25:03,20-06-2012 10:16:24,519,-1,3
EVCEO-EVVN,20-06-2012 10:26:00,20-06-2012 10:15:12,648,-1,1
EVCEO-EVVN,20-06-2012 10:26:11,20-06-2012 10:15:03,668,-1,1
EVCEO-EVVN,20-06-2012 10:26:14,20-06-2012 10:15:53,621,-1,1
EVCEO-EVVN,20-06-2012 10:26:17,20-06-2012 10:16:03,614,-1,1
EVCEO-EVVN,20-06-2012 10:26:33,20-06-2012 10:17:30,543,-1,1
EVCEO-EVVN,20-06-2012 10:27:13,20-06-2012 10:15:28,705,-1,1
EVCEO-EVVN,20-06-2012 10:27:29,20-06-2012 10:18:33,536,-1,1
EVCEO-EVVN,20-06-2012 10:27:41,20-06-2012 10:20:08,453,-1,1
EVCEO-EVVN,20-06-2012 10:27:46,20-06-2012 10:19:10,516,-1,1
EVCEO-EVVN,20-06-2012 10:27:52,20-06-2012 10:16:44,668,-1,2
EVCEO-EVVN,20-06-2012 10:27:59,20-06-2012 10:15:06,773,-1,3
EVCEO-EVVN,20-06-2012 10:28:27,20-06-2012 10:22:00,387,-1,1
EVCEO-EVVN,20-06-2012 10:28:38,20-06-2012 10:20:32,486,-1,1
EVCEO-EVVN,20-06-2012 10:28:43,20-06-2012 10:19:24,559,-1,2
EVCEO-EVVN,20-06-2012 10:28:49,20-06-2012 10:21:09,460,-1,1
EVCEO-EVVN,20-06-2012 10:28:55,20-06-2012 10:12:26,989,-1,1
EVCEO-EVVN,20-06-2012 10:28:56,20-06-2012 10:21:49,427,-1,1
EVCEO-EVVN,20-06-2012 10:28:58,20-06-2012 10:21:02,476,-1,1
EVCEO-EVVN,20-06-2012 10:29:18,20-06-2012 09:41:04,2894,-1,1
EVCEO-EVVN,20-06-2012 10:30:09,20-06-2012 10:23:00,429,-1,1
EVCEO-EVVN,20-06-2012 10:30:18,20-06-2012 10:22:15,483,-1,1
EVCEO-EVVN,20-06-2012 10:30:19,20-06-2012 09:43:41,2798,-1,1
EVCEO-EVVN,20-06-2012 10:30:32,20-06-2012 10:21:44,528,-1,1
EVCEO-EVVN,20-06-2012 10:30:37,20-06-2012 10:22:11,506,-1,1
EVCEO-EVVN,20-06-2012 10:30:42,20-06-2012 10:21:48,534,-1,1
EVCEO-EVVN,20-06-2012 10:31:16,20-06-2012 10:23:13,483,-1,1
EVCEO-EVVN,20-06-2012 10:31:21,20-06-2012 10:22:52,509,-1,1
EVCEO-EVVN,20-06-2012 10:31:55,20-06-2012 10:23:03,532,-1,1
EVCEO-EVVN,20-06-2012 10:32:21,20-06-2012 10:22:07,614,-1,3
EVCEO-EVVN,20-06-2012 10:32:42,20-06-2012 10:25:14,448,-1,1
EVCEO-EVVN,20-06-2012 10:32:47,20-06-2012 10:24:54,473,-1,1
EVCEO-EVVN,20-06-2012 10:32:50,20-06-2012 09:37:40,3310,-1,1
EVCEO-EVVN,20-06-2012 10:32:58,20-06-2012 10:24:30,508,-1,2
EVCEO-EVVN,20-06-2012 10:33:04,20-06-2012 10:23:36,568,-1,1
EVCEO-EVVN,20-06-2012 10:33:37,20-06-2012 09:50:06,2611,-1,1
EVCEO-EVVN,20-06-2012 10:34:01,20-06-2012 09:53:50,2411,-1,1
EVCEO-EVVN,20-06-2012 10:34:03,20-06-2012 10:25:38,505,-1,1
EVCEO-EVVN,20-06-2012 10:34:04,20-06-2012 10:25:41,503,-1,1
EVCEO-EVVN,20-06-2012 10:34:11,20-06-2012 10:26:01,490,-1,1
EVCEO-EVVN,20-06-2012 10:34:27,20-06-2012 10:24:53,574,-1,2
EVCEO-EVVN,20-06-2012 10:34:31,20-06-2012 10:26:06,505,-1,1
EVCEO-EVVN,20-06-2012 10:35:35,20-06-2012 10:28:37,418,-1,1
EVCEO-EVVN,20-06-2012 10:35:41,20-06-2012 10:27:06,515,-1,1
EVCEO-EVVN,20-06-2012 10:36:33,20-06-2012 10:28:42,471,-1,1
EVCEO-EVVN,20-06-2012 10:36:59,20-06-2012 10:27:38,561,-1,1
EVCEO-EVVN,20-06-2012 10:37:00,20-06-2012 10:28:06,534,-1,1
EVCEO-EVVN,20-06-2012 10:37:03,20-06-2012 10:28:39,504,-1,1
EVCEO-EVVN,20-06-2012 10:37:07,20-06-2012 10:28:25,522,-1,1
EVCEO-EVVN,20-06-2012 10:38:02,20-06-2012 10:29:00,542,-1,1
EVCEO-EVVN,20-06-2012 10:39:27,20-06-2012 10:29:47,580,-1,1
EVCEO-EVVN,20-06-2012 10:39:28,20-06-2012 10:30:59,509,-1,1
EVCEO-EVVN,20-06-2012 10:39:31,20-06-2012 10:29:44,587,-1,1
EVCEO-EVVN,20-06-2012 10:39:33,20-06-2012 10:30:45,528,-1,1
EVCEO-EVVN,20-06-2012 10:39:36,20-06-2012 10:28:04,692,-1,1
EVCEO-EVVN,20-06-2012 10:39:42,20-06-2012 10:29:53,589,-1,1
EVCEO-EVVN,20-06-2012 10:39:48,20-06-2012 10:28:49,659,-1,1
EVCEO-EVVN,20-06-2012 10:40:44,20-06-2012 10:30:55,589,-1,1
EVCEO-EVVN,20-06-2012 10:40:47,20-06-2012 10:31:13,574,-1,1
EVCEO-EVVN,20-06-2012 10:40:58,20-06-2012 10:30:20,638,-1,2
EVCEO-EVVN,20-06-2012 10:41:10,20-06-2012 10:31:02,608,-1,1
EVCEO-EVVN,20-06-2012 10:41:33,20-06-2012 10:29:57,696,-1,3
EVCEO-EVVN,20-06-2012 10:42:08,20-06-2012 10:31:00,668,-1,1
EVCEO-EVVN,20-06-2012 10:42:12,20-06-2012 10:31:15,657,-1,1
EVCEO-EVVN,20-06-2012 10:42:22,20-06-2012 10:33:43,519,-1,2
EVCEO-EVVN,20-06-2012 10:43:07,20-06-2012 10:32:43,624,-1,1
EVCEO-EVVN,20-06-2012 10:43:14,20-06-2012 10:35:01,493,-1,1
EVCEO-EVVN,20-06-2012 10:43:17,20-06-2012 10:34:14,543,-1,1
EVCEO-EVVN,20-06-2012 10:43:24,20-06-2012 10:31:51,693,-1,1
EVCEO-EVVN,20-06-2012 10:43:27,20-06-2012 10:32:47,640,-1,1
EVCEO-EVVN,20-06-2012 10:43:40,20-06-2012 10:34:03,577,-1,1
EVCEO-EVVN,20-06-2012 10:43:53,20-06-2012 10:33:51,602,-1,1
EVCEO-EVVN,20-06-2012 10:43:57,20-06-2012 10:21:05,1372,-1,1
EVCEO-EVVN,20-06-2012 10:44:06,20-06-2012 10:36:08,478,-1,1
EVCEO-EVVN,20-06-2012 10:44:08,20-06-2012 10:36:10,478,-1,1
EVCEO-EVVN,20-06-2012 10:44:10,20-06-2012 10:33:58,612,-1,3
EVCEO-EVVN,20-06-2012 10:44:38,20-06-2012 10:30:10,868,-1,1
EVCEO-EVVN,20-06-2012 10:44:43,20-06-2012 10:35:10,573,-1,1
EVCEO-EVVN,20-06-2012 10:45:14,20-06-2012 10:35:06,608,-1,1
EVCEO-EVVN,20-06-2012 10:45:42,20-06-2012 10:37:52,470,-1,1
EVCEO-EVVN,20-06-2012 10:46:05,20-06-2012 10:37:27,518,-1,2
EVCEO-EVVN,20-06-2012 10:46:16,20-06-2012 10:37:24,532,-1,1
EVCEO-EVVN,20-06-2012 10:46:56,20-06-2012 10:37:29,567,-1,1
EVCEO-EVVN,20-06-2012 10:47:03,20-06-2012 10:36:09,654,-1,5
EVCEO-EVVN,20-06-2012 10:47:19,20-06-2012 10:29:56,1043,-1,1
EVCEO-EVVN,20-06-2012 10:47:29,20-06-2012 10:39:25,484,-1,1
EVCEO-EVVN,20-06-2012 10:47:33,20-06-2012 10:38:55,518,-1,1
EVCEO-EVVN,20-06-2012 10:47:35,20-06-2012 10:39:47,468,-1,1
EVCEO-EVVN,20-06-2012 10:47:43,20-06-2012 10:39:11,512,-1,1
EVCEO-EVVN,20-06-2012 10:48:49,20-06-2012 09:51:55,3414,-1,2
EVCEO-EVVN,20-06-2012 10:48:56,20-06-2012 10:39:09,587,-1,1
EVCEO-EVVN,20-06-2012 10:49:08,20-06-2012 10:38:58,610,-1,2
EVCEO-EVVN,20-06-2012 10:49:25,20-06-2012 10:39:49,576,-1,1
EVCEO-EVVN,20-06-2012 10:49:56,20-06-2012 10:23:17,1599,-1,1
EVCEO-EVVN,20-06-2012 10:50:04,20-06-2012 10:40:26,578,-1,1
EVCEO-EVVN,20-06-2012 10:50:10,20-06-2012 10:40:43,567,-1,1
EVCEO-EVVN,20-06-2012 10:50:20,20-06-2012 10:42:07,493,-1,1
EVCEO-EVVN,20-06-2012 10:50:38,20-06-2012 10:41:54,524,-1,1
EVCEO-EVVN,20-06-2012 10:51:01,20-06-2012 10:29:54,1267,-1,1
EVCEO-EVVN,20-06-2012 10:51:11,20-06-2012 10:42:51,500,-1,1
EVCEO-EVVN,20-06-2012 10:51:25,20-06-2012 10:42:40,525,-1,1
EVCEO-EVVN,20-06-2012 10:51:32,20-06-2012 10:42:59,513,-1,1
EVCEO-EVVN,20-06-2012 10:51:33,20-06-2012 10:43:52,461,-1,1
EVCEO-EVVN,20-06-2012 10:51:38,20-06-2012 10:43:31,487,-1,1
EVCEO-EVVN,20-06-2012 10:51:40,20-06-2012 10:41:55,585,-1,1
EVCEO-EVVN,20-06-2012 10:51:43,20-06-2012 10:43:07,516,-1,1
EVCEO-EVVN,20-06-2012 10:52:40,20-06-2012 10:44:12,508,-1,5
EVCEO-EVVN,20-06-2012 10:52:47,20-06-2012 10:44:52,475,-1,1
EVCEO-EVVN,20-06-2012 10:52:49,20-06-2012 10:44:35,494,-1,1
EVCEO-EVVN,20-06-2012 10:53:02,20-06-2012 10:43:14,588,-1,1
EVCEO-EVVN,20-06-2012 10:53:34,20-06-2012 10:44:08,566,-1,3
EVCEO-EVVN,20-06-2012 10:54:18,20-06-2012 10:46:38,460,-1,1
EVCEO-EVVN,20-06-2012 10:54:33,20-06-2012 10:44:33,600,-1,1
EVCEO-EVVN,20-06-2012 10:54:36,20-06-2012 10:45:05,571,-1,2
EVCEO-EVVN,20-06-2012 10:55:16,20-06-2012 10:45:06,610,-1,1
EVCEO-EVVN,20-06-2012 10:55:42,20-06-2012 10:46:42,540,-1,1
EVCEO-EVVN,20-06-2012 10:55:47,20-06-2012 10:46:44,543,-1,1
EVCEO-EVVN,20-06-2012 10:56:10,20-06-2012 10:47:01,549,-1,3
EVCEO-EVVN,20-06-2012 10:56:37,20-06-2012 10:48:02,515,-1,1
EVCEO-EVVN,20-06-2012 10:56:59,20-06-2012 10:48:52,487,-1,1
EVCEO-EVVN,20-06-2012 10:59:15,20-06-2012 10:50:50,505,-1,1
EVCEO-EVVN,20-06-2012 10:59:20,20-06-2012 10:50:19,541,-1,1
EVCEO-EVVN,20-06-2012 10:59:26,20-06-2012 10:50:23,543,-1,1
EVCEO-EVVN,20-06-2012 10:59:44,20-06-2012 10:50:17,567,-1,2
EVCEO-EVVN,20-06-2012 10:59:46,20-06-2012 10:29:52,1794,-1,1
EVCEO-EVVN,20-06-2012 10:59:53,20-06-2012 10:51:03,530,-1,1
EVCEO-EVVN,20-06-2012 10:59:56,20-06-2012 10:50:09,587,-1,1
EVCEO-EVVN,20-06-2012 11:00:43,20-06-2012 10:50:33,610,-1,2
EVCEO-EVVN,20-06-2012 11:00:44,20-06-2012 10:52:28,496,-1,1
EVCEO-EVVN,20-06-2012 11:00:51,20-06-2012 10:51:12,579,-1,1
EVCEO-EVVN,20-06-2012 11:00:55,20-06-2012 10:41:57,1138,-1,1
EVCEO-EVVN,20-06-2012 11:01:25,20-06-2012 10:51:16,609,-1,2
EVCEO-EVVN,20-06-2012 11:02:23,20-06-2012 10:52:45,578,-1,1
EVCEO-EVVN,20-06-2012 11:02:29,20-06-2012 10:53:56,513,-1,1
EVCEO-EVVN,20-06-2012 11:02:50,20-06-2012 10:51:02,708,-1,3
EVCEO-EVVN,20-06-2012 11:03:27,20-06-2012 10:51:37,710,-1,1
EVCEO-EVVN,20-06-2012 11:03:32,20-06-2012 10:54:40,532,-1,1
EVCEO-EVVN,20-06-2012 11:03:34,20-06-2012 10:56:14,440,-1,1
EVCEO-EVVN,20-06-2012 11:03:39,20-06-2012 10:54:08,571,-1,1
EVCEO-EVVN,20-06-2012 11:03:51,20-06-2012 10:54:16,575,-1,1
EVCEO-EVVN,20-06-2012 11:04:00,20-06-2012 10:54:57,543,-1,1
EVCEO-EVVN,20-06-2012 11:04:47,20-06-2012 10:56:17,510,-1,1
EVCEO-EVVN,20-06-2012 11:04:48,20-06-2012 10:56:54,474,-1,1
EVCEO-EVVN,20-06-2012 11:04:50,20-06-2012 10:57:04,466,-1,1
EVCEO-EVVN,20-06-2012 11:04:53,20-06-2012 10:58:07,406,-1,1
EVCEO-EVVN,20-06-2012 11:04:55,20-06-2012 10:52:28,747,-1,3
EVCEO-EVVN,20-06-2012 11:05:00,20-06-2012 10:57:03,477,-1,1
EVCEO-EVVN,20-06-2012 11:05:05,20-06-2012 10:56:35,510,-1,1
EVCEO-EVVN,20-06-2012 11:05:19,20-06-2012 10:55:01,618,-1,5
EVCEO-EVVN,20-06-2012 11:05:37,20-06-2012 10:56:33,544,-1,1
EVCEO-EVVN,20-06-2012 11:05:50,20-06-2012 10:58:10,460,-1,1
EVCEO-EVVN,20-06-2012 11:06:32,20-06-2012 10:57:15,557,-1,2
EVCEO-EVVN,20-06-2012 11:06:37,20-06-2012 10:56:08,629,-1,3
EVCEO-EVVN,20-06-2012 11:07:16,20-06-2012 10:58:24,532,-1,1
EVCEO-EVVN,20-06-2012 11:07:34,20-06-2012 10:57:59,575,-1,1
EVCEO-EVVN,20-06-2012 11:07:35,20-06-2012 10:58:06,569,-1,1
EVCEO-EVVN,20-06-2012 11:07:36,20-06-2012 10:58:16,560,-1,1
EVCEO-EVVN,20-06-2012 11:07:38,20-06-2012 10:59:20,498,-1,1
EVCEO-EVVN,20-06-2012 11:07:43,20-06-2012 10:59:03,520,-1,1
EVCEO-EVVN,20-06-2012 11:08:38,20-06-2012 10:17:29,3069,-1,1
EVCEO-EVVN,20-06-2012 11:08:43,20-06-2012 10:59:17,566,-1,2
EVCEO-EVVN,20-06-2012 11:08:47,20-06-2012 10:58:22,625,-1,2
EVCEO-EVVN,20-06-2012 11:08:55,20-06-2012 10:59:36,559,-1,1
EVCEO-EVVN,20-06-2012 11:09:13,20-06-2012 10:58:59,614,-1,1
EVCEO-EVVN,20-06-2012 11:09:44,20-06-2012 10:58:55,649,-1,3
EVCEO-EVVN,20-06-2012 11:10:03,20-06-2012 11:01:39,504,-1,2
EVCEO-EVVN,20-06-2012 11:10:07,20-06-2012 11:01:01,546,-1,1
EVCEO-EVVN,20-06-2012 11:10:11,20-06-2012 10:59:28,643,-1,1
EVCEO-EVVN,20-06-2012 11:10:14,20-06-2012 10:59:37,637,-1,2
EVCEO-EVVN,20-06-2012 11:10:21,20-06-2012 11:00:49,572,-1,1
EVCEO-EVVN,20-06-2012 11:10:25,20-06-2012 11:01:49,516,-1,1
EVCEO-EVVN,20-06-2012 11:10:26,20-06-2012 11:00:52,574,-1,2
EVCEO-EVVN,20-06-2012 11:10:28,20-06-2012 11:00:43,585,-1,1
EVCEO-EVVN,20-06-2012 11:10:36,20-06-2012 10:58:11,745,-1,4
EVCEO-EVVN,20-06-2012 11:11:15,20-06-2012 10:59:49,686,-1,1
EVCEO-EVVN,20-06-2012 11:11:30,20-06-2012 11:03:41,469,-1,1
EVCEO-EVVN,20-06-2012 11:11:35,20-06-2012 11:01:05,630,-1,1
EVCEO-EVVN,20-06-2012 11:11:49,20-06-2012 11:02:59,530,-1,1
EVCEO-EVVN,20-06-2012 11:11:55,20-06-2012 11:03:00,535,-1,1
EVCEO-EVVN,20-06-2012 11:12:06,20-06-2012 11:03:02,544,-1,1
EVCEO-EVVN,20-06-2012 11:12:39,20-06-2012 11:04:02,517,-1,1
EVCEO-EVVN,20-06-2012 11:12:40,20-06-2012 11:02:57,583,-1,1
EVCEO-EVVN,20-06-2012 11:12:41,20-06-2012 11:04:03,518,-1,1
EVCEO-EVVN,20-06-2012 11:12:43,20-06-2012 10:54:01,1122,-1,1
EVCEO-EVVN,20-06-2012 11:12:44,20-06-2012 11:04:46,478,-1,1
EVCEO-EVVN,20-06-2012 11:12:54,20-06-2012 11:04:06,528,-1,1
EVCEO-EVVN,20-06-2012 11:13:03,20-06-2012 11:03:12,591,-1,1
EVCEO-EVVN,20-06-2012 11:13:04,20-06-2012 10:43:33,1771,-1,1
EVCEO-EVVN,20-06-2012 11:13:32,20-06-2012 11:03:48,584,-1,1
EVCEO-EVVN,20-06-2012 11:13:39,20-06-2012 10:37:42,2157,-1,1
EVCEO-EVVN,20-06-2012 11:13:58,20-06-2012 11:04:05,593,-1,2
EVCEO-EVVN,20-06-2012 11:14:00,20-06-2012 11:02:07,713,-1,1
EVCEO-EVVN,20-06-2012 11:14:02,20-06-2012 11:04:58,544,-1,1
EVCEO-EVVN,20-06-2012 11:14:20,20-06-2012 10:52:49,1291,-1,2
EVCEO-EVVN,20-06-2012 11:14:23,20-06-2012 11:05:05,558,-1,1
EVCEO-EVVN,20-06-2012 11:14:35,20-06-2012 11:04:32,603,-1,1
EVCEO-EVVN,20-06-2012 11:14:39,20-06-2012 11:05:47,532,-1,1
EVCEO-EVVN,20-06-2012 11:14:46,20-06-2012 11:00:37,849,-1,1
EVCEO-EVVN,20-06-2012 11:15:11,20-06-2012 11:06:22,529,-1,3
EVCEO-EVVN,20-06-2012 11:15:16,20-06-2012 11:04:47,629,-1,1
EVCEO-EVVN,20-06-2012 11:16:43,20-06-2012 11:07:58,525,-1,1
EVCEO-EVVN,20-06-2012 11:16:51,20-06-2012 11:08:49,482,-1,1
EVCEO-EVVN,20-06-2012 11:16:54,20-06-2012 11:09:00,474,-1,1
EVCEO-EVVN,20-06-2012 11:16:58,20-06-2012 11:09:01,477,-1,1
EVCEO-EVVN,20-06-2012 11:17:02,20-06-2012 11:08:17,525,-1,1
EVCEO-EVVN,20-06-2012 11:17:15,20-06-2012 11:08:30,525,-1,1
EVCEO-EVVN,20-06-2012 11:17:56,20-06-2012 11:09:06,530,-1,1
EVCEO-EVVN,20-06-2012 11:18:01,20-06-2012 10:32:18,2743,-1,1
EVCEO-EVVN,20-06-2012 11:18:50,20-06-2012 11:08:53,597,-1,1
EVCEO-EVVN,20-06-2012 11:19:12,20-06-2012 11:08:10,662,-1,3
EVCEO-EVVN,20-06-2012 11:20:57,20-06-2012 11:10:56,601,-1,3
EVCEO-EVVN,20-06-2012 11:20:57,20-06-2012 11:12:04,533,-1,1
EVCEO-EVVN,20-06-2012 11:20:58,20-06-2012 11:12:10,528,-1,1
EVCEO-EVVN,20-06-2012 11:21:03,20-06-2012 11:11:02,601,-1,1
EVCEO-EVVN,20-06-2012 11:21:10,20-06-2012 11:12:40,510,-1,1
EVCEO-EVVN,20-06-2012 11:21:13,20-06-2012 11:12:06,547,-1,1
EVCEO-EVVN,20-06-2012 11:21:24,20-06-2012 11:12:06,558,-1,1
EVCEO-EVVN,20-06-2012 11:21:30,20-06-2012 11:13:58,452,-1,1
EVCEO-EVVN,20-06-2012 11:21:45,20-06-2012 11:13:08,517,-1,1
EVCEO-EVVN,20-06-2012 11:21:53,20-06-2012 10:41:52,2401,-1,1
EVCEO-EVVN,20-06-2012 11:21:55,20-06-2012 10:20:20,3695,-1,1
EVCEO-EVVN,20-06-2012 11:23:18,20-06-2012 11:14:29,529,-1,1
EVCEO-EVVN,20-06-2012 11:23:21,20-06-2012 11:14:20,541,-1,1
EVCEO-EVVN,20-06-2012 11:23:23,20-06-2012 11:13:56,567,-1,1
EVCEO-EVVN,20-06-2012 11:23:27,20-06-2012 11:12:58,629,-1,1
EVCEO-EVVN,20-06-2012 11:23:44,20-06-2012 11:12:00,704,-1,2
EVCEO-EVVN,20-06-2012 11:24:03,20-06-2012 11:14:44,559,-1,1
EVCEO-EVVN,20-06-2012 11:24:21,20-06-2012 11:14:07,614,-1,1
EVCEO-EVVN,20-06-2012 11:24:25,20-06-2012 11:14:56,569,-1,1
EVCEO-EVVN,20-06-2012 11:24:28,20-06-2012 11:14:31,597,-1,1
EVCEO-EVVN,20-06-2012 11:24:30,20-06-2012 11:15:54,516,-1,1
EVCEO-EVVN,20-06-2012 11:24:39,20-06-2012 11:10:03,876,-1,1
EVCEO-EVVN,20-06-2012 11:24:51,20-06-2012 11:14:55,596,-1,2
EVCEO-EVVN,20-06-2012 11:25:52,20-06-2012 11:15:44,608,-1,1
EVCEO-EVVN,20-06-2012 11:25:57,20-06-2012 11:15:57,600,-1,1
EVCEO-EVVN,20-06-2012 11:26:10,20-06-2012 11:14:10,720,-1,1
EVCEO-EVVN,20-06-2012 11:26:13,20-06-2012 11:16:54,559,-1,1
EVCEO-EVVN,20-06-2012 11:26:16,20-06-2012 11:14:14,722,-1,1
EVCEO-EVVN,20-06-2012 11:26:29,20-06-2012 10:58:20,1689,-1,3
EVCEO-EVVN,20-06-2012 11:27:19,20-06-2012 11:16:17,662,-1,3
EVCEO-EVVN,20-06-2012 11:27:23,20-06-2012 11:15:54,689,-1,1
EVCEO-EVVN,20-06-2012 11:27:38,20-06-2012 11:08:25,1153,-1,1
EVCEO-EVVN,20-06-2012 11:27:41,20-06-2012 11:04:30,1391,-1,1
EVCEO-EVVN,20-06-2012 11:27:46,20-06-2012 11:19:16,510,-1,1
EVCEO-EVVN,20-06-2012 11:27:53,20-06-2012 11:19:11,522,-1,1
EVCEO-EVVN,20-06-2012 11:28:03,20-06-2012 11:18:46,557,-1,2
EVCEO-EVVN,20-06-2012 11:28:32,20-06-2012 11:19:08,564,-1,1
EVCEO-EVVN,20-06-2012 11:29:54,20-06-2012 11:19:22,632,-1,1
EVCEO-EVVN,20-06-2012 11:30:00,20-06-2012 11:19:03,657,-1,2
EVCEO-EVVN,20-06-2012 11:30:06,20-06-2012 11:18:47,679,-1,1
EVCEO-EVVN,20-06-2012 11:30:10,20-06-2012 11:20:38,572,-1,1
EVCEO-EVVN,20-06-2012 11:30:13,20-06-2012 11:19:39,634,-1,3
EVCEO-EVVN,20-06-2012 11:30:22,20-06-2012 11:19:01,681,-1,1
EVCEO-EVVN,20-06-2012 11:30:27,20-06-2012 11:19:13,674,-1,1
EVCEO-EVVN,20-06-2012 11:30:32,20-06-2012 11:20:23,609,-1,1
EVCEO-EVVN,20-06-2012 11:31:18,20-06-2012 11:19:19,719,-1,1
EVCEO-EVVN,20-06-2012 11:31:43,20-06-2012 11:21:50,593,-1,1
EVCEO-EVVN,20-06-2012 11:31:53,20-06-2012 11:19:10,763,-1,1
EVCEO-EVVN,20-06-2012 11:32:04,20-06-2012 11:19:23,761,-1,1
EVCEO-EVVN,20-06-2012 11:32:08,20-06-2012 11:11:17,1251,-1,2
EVCEO-EVVN,20-06-2012 11:32:08,20-06-2012 11:19:32,756,-1,1
EVCEO-EVVN,20-06-2012 11:33:05,20-06-2012 11:22:23,642,-1,3
EVCEO-EVVN,20-06-2012 11:33:13,20-06-2012 11:22:13,660,-1,1
EVCEO-EVVN,20-06-2012 11:33:18,20-06-2012 10:59:02,2056,-1,4
EVCEO-EVVN,20-06-2012 11:33:21,20-06-2012 11:24:13,548,-1,1
EVCEO-EVVN,20-06-2012 11:35:08,20-06-2012 11:04:13,1855,-1,1
EVCEO-EVVN,20-06-2012 11:35:45,20-06-2012 11:25:52,593,-1,1
EVCEO-EVVN,20-06-2012 11:36:11,20-06-2012 11:06:59,1752,-1,1
EVCEO-EVVN,20-06-2012 11:36:28,20-06-2012 11:26:27,601,-1,1
EVCEO-EVVN,20-06-2012 11:36:33,20-06-2012 11:25:48,645,-1,1
EVCEO-EVVN,20-06-2012 11:36:58,20-06-2012 11:28:05,533,-1,1
EVCEO-EVVN,20-06-2012 11:37:07,20-06-2012 11:27:26,581,-1,1
EVCEO-EVVN,20-06-2012 11:37:51,20-06-2012 11:29:49,482,-1,1
EVCEO-EVVN,20-06-2012 11:37:54,20-06-2012 11:29:05,529,-1,1
EVCEO-EVVN,20-06-2012 11:38:06,20-06-2012 11:29:47,499,-1,1
EVCEO-EVVN,20-06-2012 11:38:09,20-06-2012 11:08:11,1798,-1,1
EVCEO-EVVN,20-06-2012 11:38:22,20-06-2012 11:29:42,520,-1,1
EVCEO-EVVN,20-06-2012 11:39:29,20-06-2012 11:29:45,584,-1,1
EVCEO-EVVN,20-06-2012 11:39:38,20-06-2012 11:29:47,591,-1,1
EVCEO-EVVN,20-06-2012 11:40:46,20-06-2012 11:30:03,643,-1,3
EVCEO-EVVN,20-06-2012 11:40:55,20-06-2012 11:31:16,579,-1,1
EVCEO-EVVN,20-06-2012 11:40:58,20-06-2012 11:31:12,586,-1,1
EVCEO-EVVN,20-06-2012 11:41:14,20-06-2012 10:59:31,2503,-1,1
EVCEO-EVVN,20-06-2012 11:42:05,20-06-2012 11:31:05,660,-1,1
EVCEO-EVVN,20-06-2012 11:42:09,20-06-2012 11:32:01,608,-1,1
EVCEO-EVVN,20-06-2012 11:42:15,20-06-2012 11:31:39,636,-1,1
EVCEO-EVVN,20-06-2012 11:42:17,20-06-2012 11:30:08,729,-1,5
EVCEO-EVVN,20-06-2012 11:42:30,20-06-2012 11:26:13,977,-1,1
EVCEO-EVVN,20-06-2012 11:43:20,20-06-2012 11:31:20,720,-1,1
EVCEO-EVVN,20-06-2012 11:43:27,20-06-2012 11:00:39,2568,-1,1
EVCEO-EVVN,20-06-2012 11:43:33,20-06-2012 11:35:10,503,-1,1
EVCEO-EVVN,20-06-2012 11:43:35,20-06-2012 11:32:08,687,-1,1
EVCEO-EVVN,20-06-2012 11:43:38,20-06-2012 11:32:27,671,-1,1
EVCEO-EVVN,20-06-2012 11:43:41,20-06-2012 11:35:11,510,-1,1
EVCEO-EVVN,20-06-2012 11:43:46,20-06-2012 11:33:06,640,-1,1
EVCEO-EVVN,20-06-2012 11:43:59,20-06-2012 11:32:30,689,-1,3
EVCEO-EVVN,20-06-2012 11:44:32,20-06-2012 11:35:28,544,-1,2
EVCEO-EVVN,20-06-2012 11:44:33,20-06-2012 11:34:29,604,-1,3
EVCEO-EVVN,20-06-2012 11:45:14,20-06-2012 11:35:13,601,-1,3
EVCEO-EVVN,20-06-2012 11:45:23,20-06-2012 11:35:16,607,-1,1
EVCEO-EVVN,20-06-2012 11:46:02,20-06-2012 11:34:27,695,-1,1
EVCEO-EVVN,20-06-2012 11:46:13,20-06-2012 10:53:09,3184,-1,4
EVCEO-EVVN,20-06-2012 11:46:18,20-06-2012 11:06:00,2418,-1,2
EVCEO-EVVN,20-06-2012 11:46:20,20-06-2012 11:35:48,632,-1,1
EVCEO-EVVN,20-06-2012 11:47:21,20-06-2012 11:36:45,636,-1,1
EVCEO-EVVN,20-06-2012 11:47:23,20-06-2012 11:37:11,612,-1,1
EVCEO-EVVN,20-06-2012 11:47:25,20-06-2012 11:33:41,824,-1,1
EVCEO-EVVN,20-06-2012 11:47:38,20-06-2012 11:37:10,628,-1,1
EVCEO-EVVN,20-06-2012 11:48:36,20-06-2012 11:38:53,583,-1,1
EVCEO-EVVN,20-06-2012 11:48:40,20-06-2012 11:38:59,581,-1,1
EVCEO-EVVN,20-06-2012 11:48:53,20-06-2012 11:41:46,427,-1,1
EVCEO-EVVN,20-06-2012 11:48:56,20-06-2012 11:38:10,646,-1,1
EVCEO-EVVN,20-06-2012 11:49:11,20-06-2012 11:38:03,668,-1,1
EVCEO-EVVN,20-06-2012 11:49:59,20-06-2012 11:39:55,604,-1,1
EVCEO-EVVN,20-06-2012 11:50:11,20-06-2012 11:40:20,591,-1,1
EVCEO-EVVN,20-06-2012 11:50:12,20-06-2012 11:40:30,582,-1,1
EVCEO-EVVN,20-06-2012 11:50:13,20-06-2012 11:40:38,575,-1,1
EVCEO-EVVN,20-06-2012 11:50:16,20-06-2012 11:40:42,574,-1,1
EVCEO-EVVN,20-06-2012 11:50:17,20-06-2012 11:40:25,592,-1,1
EVCEO-EVVN,20-06-2012 11:50:19,20-06-2012 11:39:47,632,-1,1
EVCEO-EVVN,20-06-2012 11:50:22,20-06-2012 11:40:23,599,-1,1
EVCEO-EVVN,20-06-2012 11:50:30,20-06-2012 11:40:28,602,-1,1
EVCEO-EVVN,20-06-2012 11:51:08,20-06-2012 11:40:52,616,-1,1
EVCEO-EVVN,20-06-2012 11:51:13,20-06-2012 11:42:03,550,-1,1
EVCEO-EVVN,20-06-2012 11:51:16,20-06-2012 11:41:47,569,-1,2
EVCEO-EVVN,20-06-2012 11:52:43,20-06-2012 11:40:35,728,-1,1
EVCEO-EVVN,20-06-2012 11:52:47,20-06-2012 11:42:13,634,-1,1
EVCEO-EVVN,20-06-2012 11:52:51,20-06-2012 11:42:02,649,-1,1
EVCEO-EVVN,20-06-2012 11:52:58,20-06-2012 11:43:07,591,-1,1
EVCEO-EVVN,20-06-2012 11:53:01,20-06-2012 11:41:40,681,-1,1
EVCEO-EVVN,20-06-2012 11:53:03,20-06-2012 11:43:13,590,-1,2
EVCEO-EVVN,20-06-2012 11:53:05,20-06-2012 11:40:53,732,-1,1
EVCEO-EVVN,20-06-2012 11:54:04,20-06-2012 11:43:09,655,-1,1
EVCEO-EVVN,20-06-2012 11:54:13,20-06-2012 11:44:05,608,-1,1
EVCEO-EVVN,20-06-2012 11:55:15,20-06-2012 11:45:10,605,-1,1
EVCEO-EVVN,20-06-2012 11:55:21,20-06-2012 11:45:54,567,-1,1
EVCEO-EVVN,20-06-2012 11:55:31,20-06-2012 11:45:41,590,-1,1
EVCEO-EVVN,20-06-2012 11:55:37,20-06-2012 11:43:55,702,-1,2
EVCEO-EVVN,20-06-2012 11:55:42,20-06-2012 11:44:16,686,-1,2
EVCEO-EVVN,20-06-2012 11:55:45,20-06-2012 11:45:23,622,-1,1
EVCEO-EVVN,20-06-2012 11:56:34,20-06-2012 11:45:56,638,-1,1
EVCEO-EVVN,20-06-2012 11:56:50,20-06-2012 11:45:57,653,-1,1
EVCEO-EVVN,20-06-2012 11:56:57,20-06-2012 11:47:08,589,-1,1
EVCEO-EVVN,20-06-2012 11:57:00,20-06-2012 11:45:21,699,-1,1
EVCEO-EVVN,20-06-2012 11:57:05,20-06-2012 11:46:12,653,-1,1
EVCEO-EVVN,20-06-2012 11:57:08,20-06-2012 11:45:27,701,-1,2
EVCEO-EVVN,20-06-2012 11:58:00,20-06-2012 11:47:13,647,-1,1
EVCEO-EVVN,20-06-2012 11:58:06,20-06-2012 11:46:18,708,-1,1
EVCEO-EVVN,20-06-2012 11:58:10,20-06-2012 11:47:15,655,-1,1
EVCEO-EVVN,20-06-2012 11:59:04,20-06-2012 11:47:13,711,-1,3
EVCEO-EVVN,20-06-2012 11:59:28,20-06-2012 11:41:49,1059,-1,1
EVCEO-EVVN,20-06-2012 11:59:35,20-06-2012 11:49:54,581,-1,1
EVCEO-EVVN,20-06-2012 11:59:43,20-06-2012 11:48:59,644,-1,1
EVCEO-EVVN,20-06-2012 12:00:05,20-06-2012 11:46:09,836,-1,1
EVCEO-EVVN,20-06-2012 12:00:25,20-06-2012 11:52:38,467,-1,1
EVCEO-EVVN,20-06-2012 12:00:43,20-06-2012 11:50:20,623,-1,1
EVCEO-EVVN,20-06-2012 12:00:45,20-06-2012 11:50:38,607,-1,1
EVCEO-EVVN,20-06-2012 12:00:49,20-06-2012 11:51:34,555,-1,1
EVCEO-EVVN,20-06-2012 12:00:58,20-06-2012 11:50:21,637,-1,3
EVCEO-EVVN,20-06-2012 12:01:01,20-06-2012 11:50:45,616,-1,1
EVCEO-EVVN,20-06-2012 12:01:03,20-06-2012 11:52:05,538,-1,1
EVCEO-EVVN,20-06-2012 12:01:05,20-06-2012 11:51:35,570,-1,1
EVCEO-EVVN,20-06-2012 12:01:07,20-06-2012 11:50:48,619,-1,1
EVCEO-EVVN,20-06-2012 12:01:11,20-06-2012 11:27:14,2037,-1,1
EVCEO-EVVN,20-06-2012 12:01:57,20-06-2012 11:50:13,704,-1,1
EVCEO-EVVN,20-06-2012 12:02:16,20-06-2012 11:53:05,551,-1,1
EVCEO-EVVN,20-06-2012 12:03:09,20-06-2012 11:52:35,634,-1,3
EVCEO-EVVN,20-06-2012 12:03:10,20-06-2012 11:54:04,546,-1,1
EVCEO-EVVN,20-06-2012 12:03:15,20-06-2012 11:53:50,565,-1,1
EVCEO-EVVN,20-06-2012 12:03:27,20-06-2012 11:09:57,3210,-1,1
EVCEO-EVVN,20-06-2012 12:03:29,20-06-2012 11:54:05,564,-1,1
EVCEO-EVVN,20-06-2012 12:03:36,20-06-2012 11:14:28,2948,-1,1
EVCEO-EVVN,20-06-2012 12:04:01,20-06-2012 11:53:05,656,-1,3
EVCEO-EVVN,20-06-2012 12:04:36,20-06-2012 11:56:23,493,-1,1
EVCEO-EVVN,20-06-2012 12:04:40,20-06-2012 11:56:21,499,-1,1
EVCEO-EVVN,20-06-2012 12:04:43,20-06-2012 11:55:41,542,-1,1
EVCEO-EVVN,20-06-2012 12:04:45,20-06-2012 11:56:46,479,-1,1
EVCEO-EVVN,20-06-2012 12:04:55,20-06-2012 11:56:25,510,-1,1
EVCEO-EVVN,20-06-2012 12:05:01,20-06-2012 11:53:44,677,-1,1
EVCEO-EVVN,20-06-2012 12:05:05,20-06-2012 11:54:17,648,-1,1
EVCEO-EVVN,20-06-2012 12:05:10,20-06-2012 11:53:53,677,-1,4
EVCEO-EVVN,20-06-2012 12:05:59,20-06-2012 11:56:43,556,-1,1
EVCEO-EVVN,20-06-2012 12:06:00,20-06-2012 11:43:24,1356,-1,1
EVCEO-EVVN,20-06-2012 12:06:02,20-06-2012 11:56:45,557,-1,1
EVCEO-EVVN,20-06-2012 12:06:07,20-06-2012 11:57:57,490,-1,1
EVCEO-EVVN,20-06-2012 12:06:15,20-06-2012 11:55:46,629,-1,1
EVCEO-EVVN,20-06-2012 12:06:16,20-06-2012 11:57:01,555,-1,2
EVCEO-EVVN,20-06-2012 12:06:19,20-06-2012 11:56:22,597,-1,2
EVCEO-EVVN,20-06-2012 12:06:32,20-06-2012 11:50:19,973,-1,1
EVCEO-EVVN,20-06-2012 12:06:44,20-06-2012 11:33:04,2020,-1,2
EVCEO-EVVN,20-06-2012 12:06:47,20-06-2012 11:29:52,2215,-1,1
EVCEO-EVVN,20-06-2012 12:07:14,20-06-2012 11:57:59,555,-1,1
EVCEO-EVVN,20-06-2012 12:07:19,20-06-2012 11:56:51,628,-1,1
EVCEO-EVVN,20-06-2012 12:07:22,20-06-2012 11:57:03,619,-1,1
EVCEO-EVVN,20-06-2012 12:07:52,20-06-2012 11:04:35,3797,-1,1
EVCEO-EVVN,20-06-2012 12:07:53,20-06-2012 11:51:40,973,-1,1
EVCEO-EVVN,20-06-2012 12:08:05,20-06-2012 11:56:50,675,-1,1
EVCEO-EVVN,20-06-2012 12:08:52,20-06-2012 11:59:21,571,-1,3
EVCEO-EVVN,20-06-2012 12:08:55,20-06-2012 11:58:08,647,-1,1
EVCEO-EVVN,20-06-2012 12:08:59,20-06-2012 11:58:16,643,-1,1
EVCEO-EVVN,20-06-2012 12:09:08,20-06-2012 11:59:20,588,-1,1
EVCEO-EVVN,20-06-2012 12:10:07,20-06-2012 11:36:42,2005,-1,1
